content,format,status,created_at
"Did you know 80% of businesses plan to automate tasks within the next year, according to research. This means many jobs will change significantly, with some tasks becoming obsolete. As a result, workers will need to adapt and learn new skills to remain relevant. Automation is here to stay.",fact,pending,2026-04-05 13:53
"Did you know 80% of companies use automation to improve efficiency? This means many tasks are now handled by machines, freeing up human workers for more complex tasks. In practice, this saves time and reduces errors. Automation is the new normal.",fact,pending,2026-04-05 13:53
"Our data entry team used to spend 3 hours a day manually updating customer info. Now it takes just 10 minutes thanks to automated workflows. We're using Zapier to sync our CRM with other tools, saving us 2 hours and 50 minutes daily. It's been a game changer.",case,pending,2026-04-05 13:53
"People think AI automation replaces human workers, but that's not true. It actually frees us up to focus on more complex tasks. For example, automated bookkeeping allows accountants to concentrate on financial analysis. This boosts productivity and job satisfaction.",myth,pending,2026-04-05 13:53
I use Zapier to automate tasks between apps. It saves me time and boosts productivity. Sign up for a free trial on their website to get started. Connect your favorite apps and automate tasks easily.,tip,pending,2026-04-05 13:53
"Researchers found that AI automation can increase productivity by 40%. This means businesses can complete tasks faster and more efficiently. In practice, this translates to reduced labor costs and improved customer satisfaction. It's a game changer for many industries.",fact,pending,2026-04-05 13:53
"I used to spend 3 hours each week generating sales reports, manually sorting data and creating charts. Now it takes me just 10 minutes thanks to automation. I use Zapier to connect my CRM and spreadsheet, streamlining the process. It's been a huge time saver.",case,pending,2026-04-05 13:53
Our team used to spend 3 hours manually updating client records. Now it takes just 10 minutes thanks to automation. We use Zapier to sync data across platforms. This saves us 2 hours and 50 minutes daily.,case,pending,2026-04-05 13:53
"I use Zapier to automate tasks between different apps. It saves me hours of time by streamlining workflows. Zapier connects thousands of apps, making it easy to get started. Sign up for free and explore pre-made templates.",tip,pending,2026-04-05 13:53
"I use Zapier to automate repetitive tasks, it saves me hours daily. This tool connects various apps and services, streamlining workflows. Sign up on their website and start with pre-made templates. It's easy to get started and customize to your needs.",tip,pending,2026-04-05 13:53
"Research shows 80% of companies plan to implement AI automation within the next year. This means many jobs will become more efficient, freeing up time for creative tasks. In practice, this could lead to significant productivity gains. Automation is the future of work.",fact,pending,2026-04-05 13:53
"I use Zapier to automate tasks, it saves time and increases productivity. Zapier connects apps and services, automating workflows. Start by signing up for a free account and exploring pre-made zaps. This simplifies workflow management, try it now.",tip,pending,2026-04-05 13:53
"I think AI will replace most jobs within a decade. This sounds drastic but automation is already doing tasks faster and cheaper than humans. I've seen it in my own work, where machines can process data in seconds. Will you be ready?",opinion,pending,2026-04-05 13:53
"People think AI automation replaces human workers, but that's not true. It actually frees up time for more complex tasks. For example, automated bookkeeping lets accountants focus on financial analysis. This boosts productivity and efficiency.",myth,pending,2026-04-05 13:53
"I use Zapier to automate repetitive tasks, it saves me hours daily. This tool connects apps and services, streamlining workflows. Sign up on Zapier's website and start with pre-made templates. It's incredibly easy to get started and customize.",tip,pending,2026-04-05 13:53
"I think AI automation will replace most jobs, and that's not a bad thing. It will free us from mundane tasks, allowing us to focus on creativity. But what happens when the majority of people no longer have a traditional career, will we adapt?",opinion,pending,2026-04-05 13:53
"I use Zapier to automate tasks, it saves me time and increases productivity. Zapier connects different apps and services, automating workflows. Sign up on their website and start with pre-made templates. It's easy to get started and customize.",tip,pending,2026-04-05 13:53
"Did you know 80% of businesses plan to automate tasks by 2025. This means more repetitive work will be handled by machines. In practice, employees will focus on creative problem-solving. Automation boosts productivity and efficiency.",fact,pending,2026-04-05 13:53
"I use Zapier to automate repetitive tasks. It connects various apps and services, saving time. Simply sign up and start creating zaps. Visit their website to get started.",tip,pending,2026-04-05 13:53
Data entry used to take our team 3 hours daily. Now it's done in 10 minutes thanks to Zapier automation. We linked our forms to spreadsheets and it's a game changer. Saves us 2 hours and 50 minutes every day.,case,pending,2026-04-05 13:53
"I think AI automation will replace most jobs within a decade, it's inevitable. Machines can already outperform humans in many tasks, and the gap is widening. As technology advances, what skills will be left for humans to offer, and will you be ready?",opinion,pending,2026-04-05 13:53
"People think AI automation replaces human workers, but that's not true. It actually augments their capabilities, freeing them up for more complex tasks. For instance, AI can handle data entry, allowing accountants to focus on financial analysis and planning. This boosts productivity and efficiency.",myth,pending,2026-04-05 13:54
"Did you know 80% of companies use automation to speed up tasks. This means employees can focus on complex problems. Automation is becoming the norm, freeing us to work on higher value tasks. It's changing the way we work.",fact,pending,2026-04-05 13:54
"AI automation can replace up to 30% of workplace tasks. This means many jobs will change, not disappear. Workers will focus on tasks requiring creativity and human skills. Automation brings efficiency, not job loss.",fact,pending,2026-04-05 13:54
"About 80% of companies use automation to enhance customer experience. This means chatbots and virtual assistants are increasingly handling inquiries. Automation is no longer just about efficiency, it's also about improving interactions. It's changing how we do business.",fact,pending,2026-04-05 13:54
"I used to spend 3 hours manually updating sales reports, now it takes 10 minutes thanks to Zapier automation. This tool streamlined data transfer between our CRM and spreadsheet software. It's a huge time saver, freeing up hours for more important tasks. Automation is a game changer.",case,pending,2026-04-05 13:54
I use Zapier to automate tasks between apps. It saves me hours daily by streamlining workflows. Simply sign up on Zapier's website and connect your apps to get started. It's a game changer for productivity.,tip,pending,2026-04-05 13:54
"People think AI automation replaces human workers, but that's not true. It actually enhances their work, freeing them from mundane tasks. For instance, AI can help customer support teams with routine queries, allowing them to focus on complex issues. This boosts productivity and job satisfaction.",myth,pending,2026-04-05 13:54
"Did you know 80% of companies use AI automation. This means many tasks are now handled by machines. As a result, workers can focus on higher value tasks. Automation is the new normal.",fact,pending,2026-04-05 13:54
"I used to spend 3 hours generating sales reports, manually sorting data and creating charts. Now it takes me 10 minutes thanks to automation. I'm using Zapier to connect my CRM and spreadsheet tools. It's been a game changer, saving me hours every week.",case,pending,2026-04-05 13:54
"Did you know that 80% of companies plan to automate tasks in the next year? This means many jobs will be streamlined, freeing up staff for more creative work. As a result, workers will need to develop new skills. Automation is the future of work.",fact,pending,2026-04-05 13:54
"People think AI automation replaces human workers, but it actually enhances their capabilities. In reality, AI takes over repetitive tasks, freeing up time for more complex work. For instance, AI can process invoices, allowing accountants to focus on financial analysis. This boosts productivity and efficiency.",myth,pending,2026-04-05 13:54
"I've been using Zapier to automate repetitive tasks and it's been a game changer. This tool connects different apps and services, allowing you to create custom workflows. It matters because it saves time and increases productivity. Start with a free trial to explore its features.",tip,pending,2026-04-05 13:54
"I used to spend 3 hours a day processing invoices, now it takes 10 minutes. Automation has been a game changer. I switched to Zapier and it streamlined the whole process. Now I have more time to focus on other tasks.",case,pending,2026-04-05 13:54
"I used to spend 4 hours a week processing invoices manually. Now it takes me 10 minutes thanks to automation. I switched to using Zapier to streamline the process, saving me 3 hours and 50 minutes. This tool has been a game changer for my business.",case,pending,2026-04-05 13:54
"I think AI automation will replace most jobs, and that's okay. It's allowed me to focus on more creative work. But is it preparing us for a life without traditional employment or just setting us up for disaster, can you adapt to this shift?",opinion,pending,2026-04-05 13:54
"People think AI automation replaces human jobs, but it actually enhances them. The reality is that AI handles repetitive tasks, freeing humans for more complex work. For instance, AI can process invoices, allowing accountants to focus on financial analysis.",myth,pending,2026-04-05 13:54
"Did you know 70% of businesses use automation to boost productivity. This means tasks are completed faster and more accurately, freeing staff to focus on high-value work. As a result, companies can innovate and grow more quickly, giving them a competitive edge.",fact,pending,2026-04-05 13:54
"Sixty percent of companies use automation to enhance employee skills, not replace them. This means AI is being used to free up time for more strategic tasks. In practice, this leads to more efficient workflows and increased productivity. It's a tool, not a replacement.",fact,pending,2026-04-05 13:54
"Our team used to spend 3 hours manually updating sales reports. Now it takes just 10 minutes with automated software. Zapier made it happen, streamlining our workflow. We saved 2 hours and 50 minutes daily.",case,pending,2026-04-05 13:54
"Did you know 80% of companies use automation to save time. This means tasks are completed faster and more efficiently, freeing staff for complex work. Automation is no longer the future, it's the present. It's transforming the way we work.",fact,pending,2026-04-05 13:54
"I used to spend 3 hours a day processing invoices, manually entering data into our system. Now it takes me just 10 minutes, thanks to automated software. Our team implemented a tool called Zapier, which streamlined the whole process. It's been a game changer.",case,pending,2026-04-05 13:54
"I think AI automation will replace most jobs within a decade. This might sound drastic, but consider how many tasks are already being handled by machines. As technology advances, it's only logical that more jobs will become automated, so what will we do when that happens to our own careers?",opinion,pending,2026-04-05 13:54
"Researchers found 80% of companies use automation to enhance jobs, not replace them. This means AI is being used to free up staff from mundane tasks. As a result, employees can focus on more complex work. Automation is a tool to boost productivity.",fact,pending,2026-04-05 13:54
"AI automation can save companies up to 80% of their operational costs. This means they can allocate more resources to innovation and growth. In practice, it streamlines mundane tasks, freeing up staff for strategic work. It's a game-changer for businesses.",fact,pending,2026-04-05 13:54
"People think AI will replace jobs, but it actually enhances them. Automation takes over repetitive tasks, freeing up time for strategic work. For instance, AI helps customer service agents respond to common queries, letting them focus on complex issues. This boosts productivity and job satisfaction.",myth,pending,2026-04-05 13:54
"I used to spend 3 hours manually processing invoices, now it takes 10 minutes. Automation cut the time drastically. Using Zapier made it happen. It's a huge time saver.",case,pending,2026-04-05 13:54
"Our team used to spend 3 hours manually processing invoices, now it takes 10 minutes thanks to automation. We used to do it all by hand, but a tool called Zapier changed everything. It connects our invoicing software to our accounting system, streamlining the process. Zapier saved us 2 hours and 50 minutes daily.",case,pending,2026-04-05 13:54
"I used to spend 3 hours a day manually updating inventory reports. Now it takes me 10 minutes, thanks to automation. I'm using Zapier to sync data from our sales platform. It's been a game changer, saving me 2 hours and 50 minutes daily.",case,pending,2026-04-05 13:54
"I used to spend 4 hours manually sorting invoices, now it takes 10 minutes. Automation saved me 3 hours and 50 minutes daily. I achieved this using Zapier, it streamlined my workflow. My productivity increased significantly as a result.",case,pending,2026-04-05 13:57
"AI can automate 80% of routine office tasks. This means workers can focus on higher value tasks. It also means businesses can streamline processes and reduce labor costs. Ultimately, it boosts productivity.",fact,pending,2026-04-05 13:57
"People think AI automation replaces human workers, but that's not true. It actually augments their capabilities, freeing them up for more complex tasks. For instance, AI can handle customer service queries, allowing human reps to focus on resolving complex issues. This boosts efficiency and productivity.",myth,pending,2026-04-05 13:57
"I used to spend 4 hours a week reconciling invoices, manually checking each one. Now it takes me 10 minutes thanks to automated accounting software. The tool streamlined the process, saving me 3 hours and 50 minutes weekly. Automation has been a game changer for my business.",case,pending,2026-04-05 13:57
"Data entry used to take our team 3 hours daily, now it takes 10 minutes. We automated the process using Zapier, freeing up staff for other tasks. This change saved us 2.5 hours of manual work daily. Productivity increased significantly as a result.",case,pending,2026-04-05 13:57
"I use Zapier to automate tasks between apps, saving time and effort. It connects tools like Gmail and Slack, streamlining workflows. Simply sign up on Zapier's website and start creating zaps. This simplifies your workflow and boosts productivity.",tip,pending,2026-04-05 13:57
"80% of companies use automation to handle routine tasks. This means employees can focus on creative work. It boosts productivity and job satisfaction, making automation a win-win. Workers are freed to think, not just do.",fact,pending,2026-04-05 13:57
"I used to spend 3 hours manually processing invoices, now it takes 10 minutes. Automation saved me 2 hours and 50 minutes daily. I use Zapier to streamline the process. It's a game changer.",case,pending,2026-04-05 13:57
"I think AI automation will replace most human jobs within a decade. This is because machines can already perform tasks more efficiently and cheaply than humans. Automation is inevitable, so what will you do when your job is automated?",opinion,pending,2026-04-05 13:57
"People think AI automation replaces human workers, but that's not true. It actually augments their capabilities. For instance, in customer service, AI handles routine queries, freeing staff to focus on complex issues. This boosts productivity and job satisfaction.",myth,pending,2026-04-05 13:57
"I use Zapier to automate tasks between apps, saving time and effort. It matters because it streamlines workflows and boosts productivity. To get started, simply sign up and connect your apps. Then, create custom zaps that work for you.",tip,pending,2026-04-05 13:57
"Data entry used to take our team 3 hours a day. Now it takes just 10 minutes thanks to automation. We used Zapier to streamline the process, saving us 2 hours and 50 minutes daily. This change has been a game changer for productivity.",case,pending,2026-04-05 13:57
"I use Zapier to automate repetitive tasks, it saves me hours daily. This tool connects different apps to automate workflows. Simply sign up on Zapier's website and start creating your own zaps. It's incredibly easy to get started and streamlines tasks.",tip,pending,2026-04-05 13:57
"I use Zapier to automate repetitive tasks, it's a game changer. Zapier connects various apps and services, saving time and effort. Simply sign up and start creating zaps. Begin with a simple task to get started.",tip,pending,2026-04-05 13:58
"My team used to spend 3 hours manually processing invoices. Now it takes just 10 minutes thanks to automation. We use Zapier to streamline the task. It's been a game changer, saving us 2 hours and 50 minutes daily.",case,pending,2026-04-05 13:58
"Our team used to spend 3 hours manually sorting invoices. Now it takes 10 minutes thanks to automation. We use Zapier to streamline the process. It's been a game changer, freeing up staff for more important tasks.",case,pending,2026-04-05 13:58
"I used to spend 3 hours manually updating sales reports, now it takes 10 minutes. Automation saved me 2 hours and 50 minutes daily. I achieved this using Zapier. It's been a game changer for my workflow.",case,pending,2026-04-05 13:58
"AI automation can save businesses up to 80% of their workload. This means employees can focus on higher-value tasks. It's a game-changer for productivity, allowing companies to do more with less. Automation is the future of work.",fact,pending,2026-04-05 13:58
"I use Zapier to automate repetitive tasks, it saves me hours daily. This tool connects apps and services, allowing automated workflows. Simply sign up on Zapier's website and start creating zaps. It's easy to get started and free to use initially.",tip,pending,2026-04-05 13:58
"80% of companies use automation to improve productivity. This means tasks are being delegated to machines, freeing up human time for strategy. In practice, workers can focus on higher value work. Automation is the new normal.",fact,pending,2026-04-05 13:58
"People think AI automation replaces human workers, but it actually augments their capabilities. In reality, AI helps with repetitive tasks, freeing up time for strategic work. For instance, AI can process invoices, allowing accountants to focus on financial planning. This boosts productivity and efficiency.",myth,pending,2026-04-05 13:58
"Around 80% of companies use automation to improve productivity. This means machines are now handling many routine tasks, freeing up staff for more complex work. As a result, businesses can focus on higher value tasks and see significant efficiency gains. Automation is the future of work.",fact,pending,2026-04-05 13:58
"Data entry used to take our team 3 hours daily. Now it's done in 10 minutes. We automated it using Zapier, freeing up staff for more important tasks. This change saved us 2.5 hours of labor daily.",case,pending,2026-04-05 13:58
"I use Zapier to automate tasks between apps. It saves me hours daily by streamlining workflows. Zapier connects thousands of apps, making it easy to get started. Sign up on their website and try their pre-made templates.",tip,pending,2026-04-05 13:58
"People think AI automation replaces human workers, but that's not entirely true. In reality, it augments their capabilities, freeing them up for more complex tasks. For instance, AI can handle routine data entry, allowing accountants to focus on higher-level analysis and planning.",myth,pending,2026-04-05 13:58
"I think AI automation will replace most jobs within a decade. This sounds drastic, but consider how quickly tech advances. Many tasks are already automated, so it's not a huge leap. Will you be ready?",opinion,pending,2026-04-05 13:58
"Did you know that 80% of companies plan to automate tasks in the next year, according to a recent survey. This means more jobs will be streamlined, freeing up staff for creative work. In practice, it means companies can focus on high-value tasks. Automation is the future of work.",fact,pending,2026-04-05 13:58
"I use Zapier to automate repetitive tasks, it saves me hours daily. This tool connects different apps seamlessly. Sign up on Zapier's website and start with pre-made templates. It's incredibly easy to get started and streamline your workflow.",tip,pending,2026-04-05 13:58
"People think AI automation replaces human workers, but that's not true. It actually augments their capabilities. For instance, AI helps customer support agents respond to queries more efficiently. This frees them up to handle complex issues.",myth,pending,2026-04-05 13:58
"I think AI will replace most jobs within a decade, and that's a good thing. Automation will free us from mundane tasks, allowing for more creativity and innovation. Humans will focus on high-level thinking and strategy, leading to breakthroughs. Will you be ready?",opinion,pending,2026-04-05 13:58
"AI automation can save businesses up to 80% of time spent on manual tasks. This means employees can focus on higher-value work, like strategy and creativity. It's a game-changer for productivity. Automation is the future of work.",fact,pending,2026-04-05 13:58
"Did you know 80% of companies use automation to improve productivity? This means they're freeing up staff to focus on higher value tasks. In practice, it's about streamlining processes and letting humans do what they do best. It's a game changer for efficiency.",fact,pending,2026-04-05 13:58
"Did you know that 80% of businesses plan to implement AI by 2025? This means more tasks will be automated, freeing up staff for complex work. In practice, this could lead to significant productivity gains. It's time to get ready for an AI-driven future.",fact,pending,2026-04-05 13:58
"Did you know that 80% of companies plan to automate tasks within the next year? This means many jobs will become more efficient. As a result, workers will focus on high-value tasks. Automation is becoming the new norm.",fact,pending,2026-04-05 13:58
"I used to spend 4 hours a week generating sales reports. Now it takes me 10 minutes thanks to automation. Our team switched to Zapier and it's been a game changer. Reports are done in no time, freeing me up for more important tasks.",case,pending,2026-04-05 13:58
"I think AI automation will replace most jobs within a decade. This might sound drastic, but consider how quickly tech advances. Machines are already outperforming humans in many areas, so what will be left for us to do?",opinion,pending,2026-04-05 13:58
"I used to spend 3 hours a day manually processing invoices, now it takes me 10 minutes. Automation has been a game changer. I'm using Zapier to streamline the process. It's saved me 2.5 hours daily.",case,pending,2026-04-05 13:58
"85 percent of businesses use automation to save time. This means routine tasks are being handled more efficiently. As a result, employees can focus on higher-value work. Automation is becoming the new normal.",fact,pending,2026-04-05 13:58
"I think AI automation is overhyped, it's not as efficient as humans in many tasks. I've seen automated systems fail due to lack of common sense. This makes me wonder if we're prioritizing tech over people. Can we really trust machines to do our jobs?",opinion,pending,2026-04-05 13:58
"I use Zapier to automate repetitive tasks, freeing up time for more important work. It connects various apps and services, making workflows more efficient. Simply sign up on Zapier's website and start creating your own automated tasks. This tool is a game changer for productivity.",tip,pending,2026-04-05 13:58
"People think AI automation replaces human workers, but that's not true. It actually assists them, freeing up time for more complex tasks. For instance, AI can automate data entry, allowing accountants to focus on financial analysis and planning. This boosts productivity and efficiency.",myth,pending,2026-04-05 13:58
"Research shows that 80% of companies plan to adopt AI automation by 2025. This means more tasks will be handled by machines, freeing up staff for complex work. In practice, this could lead to significant productivity gains. It's a trend that's hard to ignore.",fact,pending,2026-04-05 13:58
"I've been using Zapier to automate repetitive tasks and it's been a game changer. This tool connects different apps and services, saving me time and effort. Simply sign up for a free account and start exploring pre-made zaps. Get started with their beginner guide.",tip,pending,2026-04-05 13:59
"Did you know that 80% of companies use automation to boost efficiency? This means most businesses rely on AI to streamline operations. In practice, it frees up staff to focus on higher-value tasks. Automation is the new norm.",fact,pending,2026-04-05 13:59
"About 80% of business processes can be automated with current tech. This means many routine tasks can be taken over by machines. In practice, this frees up staff to focus on higher-value work, like strategy and creativity. Automation is the future of work.",fact,pending,2026-04-05 13:59
Data entry used to take our team 3 hours daily. Now it's done in 10 minutes. We automated it using Zapier. This saved us 2 hours and 50 minutes daily.,case,pending,2026-04-05 13:59
"People think AI automation replaces human workers, but that's not true. It actually helps workers focus on more complex tasks. For example, AI can handle data entry, freeing up staff to work on high-level projects. This boosts productivity and efficiency.",myth,pending,2026-04-05 13:59
"Researchers found that 80% of companies plan to adopt automation by 2025. This means many jobs will change as machines take over routine tasks. In practice, employees will need to develop new skills to work alongside AI. Automation is the future of work.",fact,pending,2026-04-05 13:59
"I use Zapier to automate tasks between apps. It saves time and reduces errors. Zapier connects thousands of apps, making it easy to get started. Sign up for a free trial on their website to automate your workflow today.",tip,pending,2026-04-05 13:59
"Our team used to spend 3 hours manually processing invoices, now it takes just 10 minutes. We automated the task using Zapier, cutting down time significantly. What used to be a tedious task is now effortless, freeing up time for more important work. Zapier made it happen.",case,pending,2026-04-05 13:59
